{
  "versao": "v9.1-comercial-compatível",
  "ultima_atualizacao": "2025-11-06",
  "moeda": "BRL",

  "definicoes": {
    "como_calcular_custo_ano1": "custo_ano1_brl = capex_brl + 12 * opex_mensal_brl; preco_cliente_ano1_brl = preco_cliente.capex_brl + 12 * preco_cliente.opex_mensal_brl",
    "regras_de_precificacao": "preco_cliente = custo * (1 + margem); margem_padrao = 0.25; itens com integração complexa usam margem 0.30",
    "legendas": {
      "🔵": "processamento feito fora da SEG (SaaS/fornecedor — com NDA/DPA)",
      "🟢": "processamento feito dentro da SEG (on-prem/DMZ/infra da SEG)"
    }
  },

  "premissas_gerais": {
    "volume_ideias_dia_base": 100,
    "situacao_atual_volume": "10–30 ideias/dia",
    "licencas_fixas_tronco_II_mensal_brl": 820,
    "margem_comercial_padrao_pct": 0.25,
    "margem_itens_complexos_pct": 0.30,
    "sigma_prazo_pct": { "tronco_I": 0.20, "tronco_II": 0.40, "tronco_III": 0.25 },
    "observacoes": [
      "Todas as contas seguem a fórmula custo = capex + 12*opex; preço = preco.capex + 12*preco.opex",
      "Itens SaaS usam 🔵 (dados processados fora, sob contrato). Itens on-prem/DMZ usam 🟢 (dados processados dentro da SEG).",
      "Os prazos totais incluem implantação + testes/UAT, com σ conforme tronco."
    ]
  },

  "explicacoes_para_leigos": {
    "acesso_24x7_neurociencia": "Ideias boas surgem fora do expediente (no ônibus, no banho, antes de dormir). Um canal simples e 24/7 aumenta o registro desses insights e, portanto, o volume e a qualidade da inovação.",
    "governanca_dos_dados": "Quem guarda e processa seus dados? Se ficam com fornecedores, há proteção por contrato (NDA/DPA). Se 'dormem' na empresa, o controle e a auditoria são maiores.",
    "nda_dpa": "NDA = acordo de confidencialidade; DPA = acordo de proteção de dados. Limitam por contrato como o fornecedor pode usar os dados.",
    "pii": "Informações pessoais identificáveis (nome, e-mail corporativo etc.). Evitamos coletar ou anonimizamos antes de enviar a um provedor de IA.",
    "anonimizacao": "Mascarar/remover PII antes de enviar texto para a IA. Reduz risco e facilita conformidade.",
    "dmz": "DMZ é uma zona segura de rede (como a portaria da fábrica). Publica serviços com mais controle e aprovações — pode alongar prazos.",
    "lock_in": "Dependência forte de um fornecedor. Mudar depois pode custar tempo e dinheiro.",
    "dados_dormem": "Local padrão de armazenamento ('em repouso'): na empresa (maior controle) ou no fornecedor (maior conveniência)."
  },

  "itens_resumo_ano1": [
    { "id": "I.1",     "custo_ano1_brl": 216040,   "preco_cliente_ano1_brl": 270050 },
    { "id": "I.2",     "custo_ano1_brl": 674000,   "preco_cliente_ano1_brl": 842500 },
    { "id": "I.3",     "custo_ano1_brl": 961000,   "preco_cliente_ano1_brl": 1201250 },
    { "id": "II.1.a",  "custo_ano1_brl": 19400,    "preco_cliente_ano1_brl": 24250 },
    { "id": "II.1.b",  "custo_ano1_brl": 25600,    "preco_cliente_ano1_brl": 32000 },
    { "id": "II.1.c",  "custo_ano1_brl": 34000,    "preco_cliente_ano1_brl": 42500 },
    { "id": "II.2.a",  "custo_ano1_brl": 61600,    "preco_cliente_ano1_brl": 77000 },
    { "id": "III.1.a", "custo_ano1_brl": 87370,    "preco_cliente_ano1_brl": 115118 },
    { "id": "III.1.b", "custo_ano1_brl": 111033,   "preco_cliente_ano1_brl": 147046 },
    { "id": "III.2.a", "custo_ano1_brl": 125100,   "preco_cliente_ano1_brl": 169380 },
    { "id": "III.2.b", "custo_ano1_brl": 179231,   "preco_cliente_ano1_brl": 244323 },
    { "id": "III.2.c", "custo_ano1_brl": 175527,   "preco_cliente_ano1_brl": 240698 }
  ],

  "campos_novos_por_item": {
    "faq_leigo": [
      { "pergunta": "O que ganhamos com acesso externo 24/7?", "resposta": "Mais ideias registradas, inclusive fora do expediente. Isso alimenta o funil de inovação sem aumentar reuniões." },
      { "pergunta": "Onde os dados ficam?", "resposta": "Depende da linha. Quando '🔵', processamos fora com contrato (NDA/DPA). Quando '🟢', os dados ficam na SEG, com auditoria interna." },
      { "pergunta": "O que é DMZ e por que pode atrasar?", "resposta": "É uma área de rede mais controlada. Garante segurança, mas exige aprovações extras; por isso alguns prazos são maiores." }
    ]
  },

  "criterios_de_decisao": [
    { "criterio": "Impacto na eliminação do backlog", "peso": 0.25 },
    { "criterio": "Tempo de retorno ao colaborador", "peso": 0.20 },
    { "criterio": "Risco de lock-in", "peso": 0.10 },
    { "criterio": "Aderência à LGPD e governança", "peso": 0.15 },
    { "criterio": "Custo total ano 1", "peso": 0.15 },
    { "criterio": "Facilidade de implantação (DMZ/integrações)", "peso": 0.15 }
  ],

  "itens": [
    {
      "id": "I.1",
      "nome_curto": "SaaS ideias — genérica",
      "linha": "I",
      "sinal_dados": "🔵",
      "descricao_para_leigos": "Plataforma de gestão de ideias pronta (tipo “caixa de sugestões” moderna) com formulários, status e relatórios padrão. Rápida de ativar, mas com pouca lógica de unicidade avançada.",
      "capex_brl": 72040,
      "opex_mensal_brl": 12000,
      "custo_ano1_brl": 216040,
      "preco_cliente": { "capex_brl": 90050, "opex_mensal_brl": 15000, "preco_cliente_ano1_brl": 270050 },
      "processamento_dados": { "onde": "Fornecedor (cloud do SaaS)", "contratos": ["NDA","DPA"], "dados_dormem": "fornecedor" },
      "viabilidade_preliminar": { "tecnica": "Alta", "economica": "Média", "organizacional": "Alta", "riscos": ["lock_in","customização limitada"] },
      "riscos_chave": ["Detecção de duplicatas fraca", "Dificuldade de adaptar bonificações e critérios internos"],
      "dependencias": ["Criação de contas/usuários", "Integração SSO (opcional)"],
      "escopo": ["Cadastro de ideias", "Acompanhamento de status", "Relatórios básicos"],
      "saidas_esperadas": ["Fila organizada", "Indicadores simples de engajamento"],
      "maturidade": "Pronto de prateleira",
      "prazo_estimado_liberacao_dias": 60,
      "prazos_dias": { "implantacao": 45, "testes_UAT": 15, "total": 60, "sigma": 12 },
      "indicadores": ["% ideias com status definido", "Tempo médio até 1º retorno"]
    },

    {
      "id": "I.2",
      "nome_curto": "Salesforce Idea Mgmt",
      "linha": "I",
      "sinal_dados": "🔵",
      "descricao_para_leigos": "Uso do módulo de ideias do Salesforce. Forte em workflow e integrações; custo elevado; IA/duplicatas requerem add-ons/licenças.",
      "capex_brl": 254000,
      "opex_mensal_brl": 35000,
      "custo_ano1_brl": 674000,
      "preco_cliente": { "capex_brl": 317500, "opex_mensal_brl": 43750, "preco_cliente_ano1_brl": 842500 },
      "processamento_dados": { "onde": "Fornecedor (Salesforce cloud)", "contratos": ["NDA","DPA"], "dados_dormem": "fornecedor" },
      "viabilidade_preliminar": { "tecnica": "Alta", "economica": "Baixa", "organizacional": "Média", "riscos": ["lock_in alto","custo recorrente"] },
      "riscos_chave": ["Custo por usuário", "Customizações demoradas"],
      "dependencias": ["Licenças", "SSO", "Conectores internos"],
      "escopo": ["Ideias", "Avaliação", "Relatórios integrados"],
      "saidas_esperadas": ["Governança forte", "Trilha de auditoria corporativa"],
      "maturidade": "Enterprise",
      "prazo_estimado_liberacao_dias": 80,
      "prazos_dias": { "implantacao": 60, "testes_UAT": 20, "total": 80, "sigma": 16 },
      "indicadores": ["% duplicatas mescladas", "SLA de retorno ao autor"]
    },

    {
      "id": "I.3",
      "nome_curto": "ServiceNow Idea Portal",
      "linha": "I",
      "sinal_dados": "🔵",
      "descricao_para_leigos": "Portal de ideias na suíte ServiceNow, bom para acionar times e medir SLAs; custo alto e menor flexibilidade de IA na base.",
      "capex_brl": 361000,
      "opex_mensal_brl": 50000,
      "custo_ano1_brl": 961000,
      "preco_cliente": { "capex_brl": 451250, "opex_mensal_brl": 62500, "preco_cliente_ano1_brl": 1201250 },
      "processamento_dados": { "onde": "Fornecedor (ServiceNow cloud)", "contratos": ["NDA","DPA"], "dados_dormem": "fornecedor" },
      "viabilidade_preliminar": { "tecnica": "Alta", "economica": "Baixa", "organizacional": "Média", "riscos": ["lock_in","licenciamento complexo"] },
      "riscos_chave": ["Custo total elevado", "Backlog sem triagem semântica rica"],
      "dependencias": ["Licenças", "Mapeamento de fluxo de aprovação"],
      "escopo": ["Ideias", "Tarefas", "SLAs e relatórios"],
      "saidas_esperadas": ["Visibilidade operacional", "Rastreabilidade formal"],
      "maturidade": "Enterprise",
      "prazo_estimado_liberacao_dias": 100,
      "prazos_dias": { "implantacao": 75, "testes_UAT": 25, "total": 100, "sigma": 20 },
      "indicadores": ["Tempo de ciclo (ideia→decisão)", "Cumprimento de SLA"]
    },

    {
      "id": "II.1.a",
      "nome_curto": "MVP sem anonimização — perfil A",
      "linha": "II",
      "sinal_dados": "🔵",
      "descricao_para_leigos": "Form simples + LLM para classificar ideias e dar um primeiro retorno. Sem anonimização automática: campo de identificação opcional.",
      "capex_brl": 5000,
      "opex_mensal_brl": 1200,
      "custo_ano1_brl": 19400,
      "preco_cliente": { "capex_brl": 6250, "opex_mensal_brl": 1500, "preco_cliente_ano1_brl": 24250 },
      "processamento_dados": { "onde": "Fornecedor (IA gerenciada)", "contratos": ["NDA","DPA"], "dados_dormem": "fornecedor" },
      "viabilidade_preliminar": { "tecnica": "Alta", "economica": "Alta", "organizacional": "Alta", "riscos": ["qualidade de rótulos no começo"] },
      "riscos_chave": ["Feedback raso nos primeiros dias", "Necessidade de calibrar categorias"],
      "dependencias": ["Prompt e taxonomia inicial", "Planilha de treino mínima"],
      "escopo": ["Coleta", "Classificação automática", "Resposta imediata ao autor"],
      "saidas_esperadas": ["Redução de backlog inicial", "Tempo de resposta < 1 minuto"],
      "maturidade": "Protótipo funcional",
      "prazo_estimado_liberacao_dias": 10,
      "prazos_dias": { "implantacao": 6, "testes_UAT": 4, "total": 10, "sigma": 4 },
      "indicadores": ["% de ideias com categoria", "Taxa de satisfação do autor"]
    },

    {
      "id": "II.1.b",
      "nome_curto": "MVP sem anonimização — perfil B",
      "linha": "II",
      "sinal_dados": "🔵",
      "descricao_para_leigos": "Mesmo MVP com ajustes de linguagem/UX (ex.: setores administrativos) e critérios de resposta ligeiramente diferentes.",
      "capex_brl": 10000,
      "opex_mensal_brl": 1300,
      "custo_ano1_brl": 25600,
      "preco_cliente": { "capex_brl": 12500, "opex_mensal_brl": 1625, "preco_cliente_ano1_brl": 32000 },
      "processamento_dados": { "onde": "Fornecedor (IA gerenciada)", "contratos": ["NDA","DPA"], "dados_dormem": "fornecedor" },
      "viabilidade_preliminar": { "tecnica": "Alta", "economica": "Alta", "organizacional": "Alta", "riscos": ["ajuste fino de taxonomias"] },
      "riscos_chave": ["Ruído em textos longos", "Ambiguidade de categorias"],
      "dependencias": ["Aprovação de tom de voz", "Glossário corporativo"],
      "escopo": ["Coleta", "Classificação", "Auto-resposta customizada"],
      "saidas_esperadas": ["Backlog começa a cair", "Feedback útil ao colaborador"],
      "maturidade": "Protótipo funcional",
      "prazo_estimado_liberacao_dias": 15,
      "prazos_dias": { "implantacao": 10, "testes_UAT": 5, "total": 15, "sigma": 6 },
      "indicadores": ["Índice de duplicatas sinalizadas", "Tempo de triagem por ideia"]
    },

    {
      "id": "II.1.c",
      "nome_curto": "MVP sem anonimização — v1.1 (pós-ajustes)",
      "linha": "II",
      "sinal_dados": "🔵",
      "descricao_para_leigos": "MVP iterado após 2–3 semanas, com prompts/taxonomia refinados e dashboard mínimo de acompanhamento.",
      "capex_brl": 16000,
      "opex_mensal_brl": 1500,
      "custo_ano1_brl": 34000,
      "preco_cliente": { "capex_brl": 20000, "opex_mensal_brl": 1875, "preco_cliente_ano1_brl": 42500 },
      "processamento_dados": { "onde": "Fornecedor (IA gerenciada)", "contratos": ["NDA","DPA"], "dados_dormem": "fornecedor" },
      "viabilidade_preliminar": { "tecnica": "Alta", "economica": "Alta", "organizacional": "Alta", "riscos": ["under/over-fitting de categorias"] },
      "riscos_chave": ["Viés por setor", "Categorias com baixa representatividade"],
      "dependencias": ["Amostra rotulada", "Regras de resposta aprovadas"],
      "escopo": ["Coleta", "Classificação", "Auto-resposta", "Dashboard básico"],
      "saidas_esperadas": ["Queda consistente do backlog", "Visão de pareto por tema/área"],
      "maturidade": "Piloto estabilizado",
      "prazo_estimado_liberacao_dias": 18,
      "prazos_dias": { "implantacao": 12, "testes_UAT": 6, "total": 18, "sigma": 7 },
      "indicadores": ["% backlog eliminado", "NPS do usuário autor"]
    },

    {
      "id": "II.2.a",
      "nome_curto": "MVP com anonimização (landing + backend)",
      "linha": "II",
      "sinal_dados": "🔵",
      "descricao_para_leigos": "Inclui camada que remove PII automaticamente antes do texto ir para a IA. Reduz riscos e permite abrir o canal fora da rede da fábrica.",
      "capex_brl": 28000,
      "opex_mensal_brl": 2800,
      "custo_ano1_brl": 61600,
      "preco_cliente": { "capex_brl": 35000, "opex_mensal_brl": 3500, "preco_cliente_ano1_brl": 77000 },
      "processamento_dados": { "onde": "Fornecedor (IA gerenciada, com anonimização antes)", "contratos": ["NDA","DPA"], "dados_dormem": "fornecedor (texto sem PII)" },
      "viabilidade_preliminar": { "tecnica": "Alta", "economica": "Alta", "organizacional": "Alta", "riscos": ["falsos positivos de anonimização"] },
      "riscos_chave": ["Mascarar demais e perder contexto", "Manter dicionário de termos internos"],
      "dependencias": ["Pipeline de anonimização", "Tabela de PII/regex", "Teste de UX"],
      "escopo": ["Coleta", "Anonimização", "Classificação", "Auto-resposta"],
      "saidas_esperadas": ["Conformidade reforçada", "Maior adesão dos colaboradores"],
      "maturidade": "Piloto com segurança",
      "prazo_estimado_liberacao_dias": 24,
      "prazos_dias": { "implantacao": 16, "testes_UAT": 8, "total": 24, "sigma": 10 },
      "indicadores": ["Taxa de PII detectada", "% de casos re-roteados para revisão humana"]
    },

    {
      "id": "III.1.a",
      "nome_curto": "MVP com IA própria (Ollama) — mini cluster",
      "linha": "III",
      "sinal_dados": "🟢",
      "descricao_para_leigos": "Instala uma IA local controlada pela SEG (sem enviar texto para fora). Começa pequeno, prova valor e mede custo real.",
      "capex_brl": 15370,
      "opex_mensal_brl": 6000,
      "custo_ano1_brl": 87370,
      "preco_cliente": { "capex_brl": 21518, "opex_mensal_brl": 7800, "preco_cliente_ano1_brl": 115118 },
      "processamento_dados": { "onde": "SEG (on-prem)", "contratos": ["NDA com eventual parceiro de suporte"], "dados_dormem": "SEG" },
      "viabilidade_preliminar": { "tecnica": "Média", "economica": "Alta", "organizacional": "Média", "riscos": ["capacidade de time de TI","MLOps"] },
      "riscos_chave": ["Manter updates de modelos", "Telemetria/observabilidade local"],
      "dependencias": ["Servidor/VM", "Rede/DMZ", "Backups/segurança"],
      "escopo": ["Coleta", "IA local", "Classificação", "Resposta", "Logs privados"],
      "saidas_esperadas": ["Independência", "Ganhos de privacidade e custo variável"],
      "maturidade": "POC on-prem",
      "prazo_estimado_liberacao_dias": 25,
      "prazos_dias": { "implantacao": 18, "testes_UAT": 7, "total": 25, "sigma": 6 },
      "indicadores": ["Custo por 1k ideias", "Latência média de inferência"]
    },

    {
      "id": "III.1.b",
      "nome_curto": "PLIM 2.0 em DMZ na SEG",
      "linha": "III",
      "sinal_dados": "🟢",
      "descricao_para_leigos": "Portal novo com classificação automática e fluxos de aprovação dentro da DMZ. Demanda aprovações de TI/rede.",
      "capex_brl": 27033,
      "opex_mensal_brl": 7000,
      "custo_ano1_brl": 111033,
      "preco_cliente": { "capex_brl": 37846, "opex_mensal_brl": 9100, "preco_cliente_ano1_brl": 147046 },
      "processamento_dados": { "onde": "SEG (DMZ)", "contratos": ["políticas internas SEG"], "dados_dormem": "SEG" },
      "viabilidade_preliminar": { "tecnica": "Média-Alta", "economica": "Alta", "organizacional": "Média", "riscos": ["fila de mudanças/DMZ"] },
      "riscos_chave": ["Lead time de mudanças", "Gestão de incidentes/SLAs internos"],
      "dependencias": ["Parecer de segurança", "DevOps", "Integração AD/SSO"],
      "escopo": ["Formulário", "Classificação", "Regras de avaliação", "Relatórios"],
      "saidas_esperadas": ["Retorno imediato ao autor", "Fila por prioridade/área"],
      "maturidade": "Projeto conceitual aprovado",
      "prazo_estimado_liberacao_dias": 32,
      "prazos_dias": { "implantacao": 22, "testes_UAT": 10, "total": 32, "sigma": 8 },
      "indicadores": ["Tempo de aprovação de change", "% de disponibilidade"]
    },

    {
      "id": "III.2.a",
      "nome_curto": "PLIM 1.5 na SEG (híbrido)",
      "linha": "III",
      "sinal_dados": "🟢",
      "descricao_para_leigos": "Arquitetura híbrida: dados sensíveis ficam na SEG; partes não sensíveis podem usar serviços externos com anonimização.",
      "capex_brl": 67500,
      "opex_mensal_brl": 4800,
      "custo_ano1_brl": 125100,
      "preco_cliente": { "capex_brl": 94500, "opex_mensal_brl": 6240, "preco_cliente_ano1_brl": 169380 },
      "processamento_dados": { "onde": "SEG + fornecedores (somente dados anonimizados)", "contratos": ["NDA","DPA"], "dados_dormem": "SEG" },
      "viabilidade_preliminar": { "tecnica": "Alta", "economica": "Média-Alta", "organizacional": "Média", "riscos": ["complexidade de integração"] },
      "riscos_chave": ["Orquestração entre ambientes", "Monitorar qualidade da anonimização"],
      "dependencias": ["Gateway/API", "Anonimizador", "Observabilidade"],
      "escopo": ["Portal", "Classificação", "Painel de duplicatas", "KPIs de engajamento"],
      "saidas_esperadas": ["Backlog zerado", "Transparência de status para o autor"],
      "maturidade": "Projeto conceitual + piloto",
      "prazo_estimado_liberacao_dias": 20,
      "prazos_dias": { "implantacao": 14, "testes_UAT": 6, "total": 20, "sigma": 5 },
      "indicadores": ["% de ideias deduplicadas", "Tempo de fila por prioridade"]
    },

    {
      "id": "III.2.b",
      "nome_curto": "PLIM 2.0 na SEG (on-prem)",
      "linha": "III",
      "sinal_dados": "🟢",
      "descricao_para_leigos": "Tudo dentro da SEG: coleta, IA, banco de dados e relatórios. Máximo controle e auditoria, custo inicial maior.",
      "capex_brl": 113231,
      "opex_mensal_brl": 5500,
      "custo_ano1_brl": 179231,
      "preco_cliente": { "capex_brl": 158523, "opex_mensal_brl": 7150, "preco_cliente_ano1_brl": 244323 },
      "processamento_dados": { "onde": "SEG (on-prem)", "contratos": ["políticas internas SEG"], "dados_dormem": "SEG" },
      "viabilidade_preliminar": { "tecnica": "Média-Alta", "economica": "Média", "organizacional": "Média", "riscos": ["capacidade de sustentação interna"] },
      "riscos_chave": ["Equipe para operar", "Atualizações de modelos e hardware"],
      "dependencias": ["Infra on-prem", "Segurança/backup", "Time de sustentação"],
      "escopo": ["Portal completo", "IA local", "Fluxos de avaliação", "Relatórios avançados"],
      "saidas_esperadas": ["Privacidade máxima", "Custo por uso sob controle"],
      "maturidade": "Planejamento executivo",
      "prazo_estimado_liberacao_dias": 25,
      "prazos_dias": { "implantacao": 18, "testes_UAT": 7, "total": 25, "sigma": 6 },
      "indicadores": ["Custo total de propriedade (TCO)", "SLA interno de suporte"]
    },

    {
      "id": "III.2.c",
      "nome_curto": "PLIM 2.0 externo (cloud dedicada)",
      "linha": "III",
      "sinal_dados": "🔵",
      "descricao_para_leigos": "Ambiente dedicado gerenciado por parceiro, com contrato forte de segurança. Menos carga para TI interna, risco de lock-in maior.",
      "capex_brl": 125127,
      "opex_mensal_brl": 4200,
      "custo_ano1_brl": 175527,
      "preco_cliente": { "capex_brl": 175178, "opex_mensal_brl": 5460, "preco_cliente_ano1_brl": 240698 },
      "processamento_dados": { "onde": "Cloud dedicada do parceiro", "contratos": ["NDA","DPA","SLA"], "dados_dormem": "fornecedor (ambiente dedicado)" },
      "viabilidade_preliminar": { "tecnica": "Alta", "economica": "Média", "organizacional": "Alta", "riscos": ["lock_in médio/alto"] },
      "riscos_chave": ["Dependência de parceiro", "Custo de saída/migração"],
      "dependencias": ["Contrato/SLA", "Observabilidade", "Runbooks de contingência"],
      "escopo": ["Portal completo", "IA dedicada", "Integrações e dashboards"],
      "saidas_esperadas": ["Agilidade de evolução", "SLA de operação terceirizado"],
      "maturidade": "Proposta técnica",
      "prazo_estimado_liberacao_dias": 21,
      "prazos_dias": { "implantacao": 14, "testes_UAT": 7, "total": 21, "sigma": 5 },
      "indicadores": ["% incidentes atendidos no SLA", "Custo por 1k ideias processadas"]
    }
  ]
}