{
  "versao": "v6-merge",
  "ultima_atualizacao": "2025-11-06",
  "moeda": "BRL",
  "definicoes": {
    "como_calcular_custo_ano1": "custo_ano1_brl = capex_brl + 12 * opex_mensal_brl; preco_cliente_ano1_brl = preco_cliente.capex_brl + 12 * preco_cliente.opex_mensal_brl",
    "observacoes": [
      "Este JSON preserva 100% dos campos do solution_description.json original e adiciona blocos 'explicacoes_para_leigos', 'itens_resumo_ano1' e 'campos_novos_por_item'.",
      "Quando houver divergência entre 'itens_resumo_ano1' e somas calculadas por item, prevalece o valor do resumo (decisão do Grupo 4).",
      "A margem comercial (quando aplicável) é de 25% conforme 'premissas_gerais.margem_comercial_padrao_pct'."
    ]
  },
  "explicacoes_para_leigos": {
    "acesso_24x7_neurociencia": "Ideias boas surgem fora do expediente (no ônibus, no banho, antes de dormir). Ter um canal simples e disponível 24 horas aumenta o registro desses insights e, portanto, o volume e a qualidade da inovação.",
    "governanca_dos_dados": "Quem guarda e processa seus dados? Quando estão com terceiros, há proteção por contrato (NDA/DPA). Quando 'dormem' dentro da empresa, o controle e a auditoria são maiores.",
    "nda_dpa": "NDA = acordo de confidencialidade; DPA = acordo de proteção de dados. São contratos que limitam o uso dos dados por fornecedores.",
    "pii": "Informações pessoais identificáveis (nome, e-mail corporativo, CPF etc.). Evitamos coletar ou anonimizamos antes de enviar a um provedor de IA.",
    "anonimizacao": "Tirar/mascarar PII do texto antes de enviar para análise da IA. Reduz risco de exposição e facilita conformidade.",
    "dmz": "Zona segura da rede: como a portaria de uma fábrica. Publica serviços com mais controle e etapas de aprovação.",
    "lock_in": "Dependência de um fornecedor específico. Mudar depois pode custar mais tempo e dinheiro.",
    "dados_dormem": "Local onde os dados ficam armazenados por padrão (em repouso). Pode ser na empresa (maior controle) ou no fornecedor (maior conveniência)."
  },
  "premissas_gerais": {
    "volume_ideias_dia_base": 100,
    "situacao_atual_volume": "10–30 ideias/dia",
    "licencas_fixas_tronco_II_mensal_brl": 820,
    "margem_comercial_padrao_pct": 0.25,
    "sigma_prazo_pct": {
      "tronco_I": 0.20,
      "tronco_II": 0.40,
      "tronco_III": 0.25
    }
  },
  "legenda_expandida": {
    "🔴": "Dados com terceiros: parte do conteúdo trafega/permanece com fornecedores externos, protegidos por NDA/DPA.",
    "🟡": "Pode exigir novos terminais/acessos (rede, DMZ, VPN, política de login).",
    "🔵": "Acesso 24/7 de qualquer lugar, ideal para capturar ideias fora do expediente (insights em momentos de relaxamento).",
    "🟣": "Lock-in do fornecedor (troca futura mais cara, dependência da plataforma).",
    "🟢": "Dados 'dormem' dentro da SEG: maior controle sobre retenção, auditoria e quem pode ver."
  },
  "glossario": {
    "neurociencia_engajamento": "Boas ideias surgem quando a mente relaxa (fora do expediente, no trajeto, em casa). Uma porta de envio leve e segura 24/7 aumenta o registro desses insights.",
    "dmz": "Zona desmilitarizada de rede da empresa. Camada isolada para publicar serviços com mais segurança, porém com processos e aprovações adicionais.",
    "nda_dpa": "Acordos contratuais de confidencialidade (NDA) e de proteção de dados (DPA) que regem o uso e a guarda de informações por terceiros.",
    "pii": "Informações pessoais identificáveis (nomes, CPFs, placas, e-mails etc.).",
    "llm": "Modelo de linguagem usado para classificar, rotular e comparar textos (triagem de unicidade).",
    "banco_vetorial": "Índice que guarda 'representações numéricas' de textos para medir similaridade entre ideias.",
    "anonimizacao": "Camada que remove/mascara PII antes do envio para IA.",
    "uat": "Teste de aceitação pelo usuário (validação final em produção piloto).",
    "sigma_prazo": "Incerteza do prazo. Ex.: σ=40% em API (Tronco II) reflete ajustes de prompt, aprovações e iterações de UX."
  },
  "itens_resumo_ano1": [
    { "id": "I.1",    "custo_ano1_brl": 216040,  "preco_cliente_ano1_brl": 270050 },
    { "id": "I.2",    "custo_ano1_brl": 674000,  "preco_cliente_ano1_brl": 842500 },
    { "id": "I.3",    "custo_ano1_brl": 961000,  "preco_cliente_ano1_brl": 1201250 },
    { "id": "II.1.a", "custo_ano1_brl": 19400,   "preco_cliente_ano1_brl": 24250 },
    { "id": "II.1.b", "custo_ano1_brl": 25600,   "preco_cliente_ano1_brl": 32000 },
    { "id": "II.1.c", "custo_ano1_brl": 34000,   "preco_cliente_ano1_brl": 42500 },
    { "id": "II.2.a", "custo_ano1_brl": 61600,   "preco_cliente_ano1_brl": 77000 },
    { "id": "II.2.b", "custo_ano1_brl": 339180,  "preco_cliente_ano1_brl": 423975 },
    { "id": "III.1.a","custo_ano1_brl": 87000,   "preco_cliente_ano1_brl": 108750 },
    { "id": "III.1.b","custo_ano1_brl": 110000,  "preco_cliente_ano1_brl": 137500 },
    { "id": "III.2.a","custo_ano1_brl": 67600,   "preco_cliente_ano1_brl": 84500 },
    { "id": "III.2.b","custo_ano1_brl": 78000,   "preco_cliente_ano1_brl": 97500 },
    { "id": "III.2.c","custo_ano1_brl": 62400,   "preco_cliente_ano1_brl": 78000 }
  ],
  "campos_novos_por_item": {
    "faq_leigo": [
      { "pergunta": "O que ganhamos com acesso externo 24/7?", "resposta": "Mais ideias registradas, inclusive fora do expediente. Isso alimenta o funil de inovação sem aumentar reuniões." },
      { "pergunta": "Onde os dados ficam?", "resposta": "Depende da linha. Quando '🔵', processamos fora com contrato (NDA/DPA). Quando '🟢', os dados ficam na SEG, com auditoria interna." },
      { "pergunta": "O que é DMZ e por que atrasa?", "resposta": "É uma área de rede mais controlada. Garante segurança, mas exige aprovações; por isso alguns prazos são maiores." }
    ]
  },
  "itens": [
    {
      "id": "I.1",
      "nome": "MS Power Apps (plataforma pronta)",
      "tronco": "I",
      "descricao": "Solução pronta do ecossistema corporativo para formular triagem e automatizar o retorno ao colaborador. Menos esforço interno, implementação guiada por boas práticas do fornecedor.",
      "escopo": ["Formulários/fluxos para triagem e encaminhamento", "Feedback automático ao autor", "Dashboard básico"],
      "governanca_legenda": ["🔴","🔵","🟣"],
      "governanca_explica": "Parte dos dados é processada e armazenada pelo fornecedor, protegida por contrato. A SEG não controla toda a infraestrutura.",
      "comentarios": "Bom para começar rápido e com suporte. Acesso 24/7 ajuda a captar ideias fora do expediente, embora o login corporativo possa inibir parte do público.",
      "capex_brl": 72040,
      "opex_mensal_brl": 12000,
      "prazos_dias": { "implantacao": 45, "testes_UAT": 15, "total": 60, "sigma": 12 },
      "qualidade_objetiva": { "deduplicacao_top3_pct": "70–85%", "latencia_seg": "10–25", "cobertura_classificacao_pct": "≥90%" },
      "riscos": ["🟣 Lock-in", "Custo por usuário/módulo"],
      "mitigacoes": ["Cláusulas de portabilidade", "Exportações mensais de dados"],
      "preco_cliente": { "capex_brl": 72040, "opex_mensal_brl": 12000 },
      "quando_escolher": "Quer velocidade com suporte enterprise e baixo esforço interno.",
      "beneficios": ["Implantação guiada", "Boas práticas nativas"],
      "limitacoes": ["Dependência do fornecedor", "Custos por licença"],
      "extensoes_futuras": ["Gamificação leve", "Relatórios avançados", "Integração com sistemas internos de mérito/premiação"]
    },
    {
      "id": "I.2",
      "nome": "Salesforce (gestão de ideias)",
      "tronco": "I",
      "descricao": "Plataforma consolidada de processos com marketplace. Permite canal de envio, categorização e fusão de duplicatas com comunicação integrada.",
      "escopo": ["Envio/categorização", "Fusão de duplicatas", "Comunicação de status"],
      "governanca_legenda": ["🔴","🔵","🟣"],
      "governanca_explica": "Dados sob contrato do fornecedor (NDA/DPA). Alto suporte e ecossistema.",
      "comentarios": "Acesso 24/7, mas submissão costuma exigir licença/login, o que pode reduzir adesão espontânea.",
      "capex_brl": 254000,
      "opex_mensal_brl": 35000,
      "prazos_dias": { "implantacao": 60, "testes_UAT": 20, "total": 80, "sigma": 16 },
      "qualidade_objetiva": { "deduplicacao_top3_pct": "75–88%", "latencia_seg": "10–25", "cobertura_classificacao_pct": "≥90%" },
      "riscos": ["Custo total elevado", "🟣 Lock-in"],
      "mitigacoes": ["Contrato por fases", "Piloto com unidade-chave"],
      "preco_cliente": { "capex_brl": 254000, "opex_mensal_brl": 35000 },
      "quando_escolher": "Busca ecossistema amplo e integração com CRM/atendimento.",
      "beneficios": ["Marketplace de apps", "Escalabilidade"],
      "limitacoes": ["Custo por licença", "Dependência de parceiro"],
      "extensoes_futuras": ["Comunidades externas", "Fluxos multi-área com SLA"]
    },
    {
      "id": "I.3",
      "nome": "ServiceNow (workflows enterprise)",
      "tronco": "I",
      "descricao": "Plataforma enterprise forte em compliance, auditoria e governança de fluxos.",
      "escopo": ["Workflows", "Avaliação e auditoria", "Integração ITSM"],
      "governanca_legenda": ["🔴","🔵","🟣"],
      "governanca_explica": "Operação sob guarda do fornecedor com controles e auditorias maduras.",
      "comentarios": "Boa para processos com alta exigência de conformidade. A fricção de login ainda pode existir.",
      "capex_brl": 361000,
      "opex_mensal_brl": 50000,
      "prazos_dias": { "implantacao": 75, "testes_UAT": 25, "total": 100, "sigma": 20 },
      "qualidade_objetiva": { "deduplicacao_top3_pct": "78–90%", "latencia_seg": "10–25", "cobertura_classificacao_pct": "≥90%" },
      "riscos": ["Custo recorrente alto", "🟣 Lock-in"],
      "mitigacoes": ["Opção contratual de saída", "Exportações mensais"],
      "preco_cliente": { "capex_brl": 361000, "opex_mensal_brl": 50000 },
      "quando_escolher": "Requisito pesado de auditoria e compliance.",
      "beneficios": ["Governança robusta", "Escala enterprise"],
      "limitacoes": ["Custo alto", "Menor flexibilidade para experiências customizadas"],
      "extensoes_futuras": ["Relatórios corporativos", "Integrações com RH/qualidade"]
    },
    {
      "id": "II.1.a",
      "nome": "MVP sem anonimização (LLM direto)",
      "tronco": "II",
      "descricao": "Prova rápida: o autor envia a ideia e recebe retorno imediato sobre similaridade e rótulo. Sem anonimização de texto.",
      "escopo": ["Triagem de unicidade", "Rótulo automático", "Resposta imediata"],
      "governanca_legenda": ["🔴","🔵"],
      "governanca_explica": "Texto vai ao provedor de IA (protegido por NDA/DPA). Evitar PII.",
      "comentarios": "Acesso leve 24/7 maximiza a captação em momentos de relaxamento. Ideal para medir ganho real na ponta.",
      "capex_brl": 5000,
      "opex_mensal_brl": 1200,
      "prazos_dias": { "implantacao": 6, "testes_UAT": 4, "total": 10, "sigma": 4 },
      "qualidade_objetiva": { "deduplicacao_top3_pct": "65–80%", "latencia_seg": "5–15", "cobertura_classificacao_pct": "≥85%" },
      "riscos": ["Inserção acidental de PII", "Dependência de prompt"],
      "mitigacoes": ["Aviso de privacidade", "Filtro de termos sensíveis", "Revisão amostral humana"],
      "preco_cliente": { "capex_brl": 6250, "opex_mensal_brl": 1500 },
      "quando_escolher": "Validar impacto rápido com baixo investimento.",
      "beneficios": ["Tempo de resposta imediato", "Baixíssimo time-to-value"],
      "limitacoes": ["Sem PII", "Dependência de provedor externo"],
      "extensoes_futuras": ["Adicionar anonimização", "Relatórios por área"]
    },
    {
      "id": "II.1.b",
      "nome": "MVP sem anonimização (Formulário P-LA)",
      "tronco": "II",
      "descricao": "Formulário amigável hospedado em P-LA, com retorno imediato e relatórios básicos — ainda sem anonimização.",
      "escopo": ["Formulário mobile-friendly", "Retorno imediato", "Relatórios básicos"],
      "governanca_legenda": ["🔴","🔵"],
      "governanca_explica": "Idêntica ao II.1.a quanto a dados (sem anonimização).",
      "comentarios": "Facilita o envio pelo celular. Cuidado para o formulário não ficar longo e reduzir adesão.",
      "capex_brl": 10000,
      "opex_mensal_brl": 1300,
      "prazos_dias": { "implantacao": 10, "testes_UAT": 5, "total": 15, "sigma": 6 },
      "qualidade_objetiva": { "deduplicacao_top3_pct": "67–82%", "latencia_seg": "6–16", "cobertura_classificacao_pct": "≥85%" },
      "riscos": ["🔴 Dados com terceiros", "Fricção por muitos campos"],
      "mitigacoes": ["Campos mínimos", "Teste com personas-chave"],
      "preco_cliente": { "capex_brl": 12500, "opex_mensal_brl": 1625 },
      "quando_escolher": "Quer UX melhor que o II.1.a, ainda com simplicidade.",
      "beneficios": ["Melhor usabilidade", "Relatórios nativos"],
      "limitacoes": ["Sem anonimização", "Custos de licenças embutidos"],
      "extensoes_futuras": ["Validação por categoria", "Exportações automáticas"]
    },
    {
      "id": "II.1.c",
      "nome": "MVP pós-1 (incremento P-LA)",
      "tronco": "II",
      "descricao": "Evolução do MVP com mais validações, campos e relatórios — mantendo envio sem anonimização.",
      "escopo": ["Validações extras", "Campos adicionais", "Relatórios mais completos"],
      "governanca_legenda": ["🔴","🔵"],
      "governanca_explica": "Sem anonimização; melhora gestão e visibilidade.",
      "comentarios": "Incremento gradual. OPEX deve crescer com uso, não por 'versão'.",
      "capex_brl": 16000,
      "opex_mensal_brl": 1500,
      "prazos_dias": { "implantacao": 12, "testes_UAT": 6, "total": 18, "sigma": 7 },
      "qualidade_objetiva": { "deduplicacao_top3_pct": "70–84%", "latencia_seg": "6–18", "cobertura_classificacao_pct": "≥88%" },
      "riscos": ["Complexidade de formulário"],
      "mitigacoes": ["A/B de campos", "Telemetria de abandono"],
      "preco_cliente": { "capex_brl": 20000, "opex_mensal_brl": 1875 },
      "quando_escolher": "Já aprovou o conceito e quer refinar UX/gestão.",
      "beneficios": ["Melhor governança do fluxo", "Relatórios úteis ao gestor"],
      "limitacoes": ["Ainda sem anonimização"],
      "extensoes_futuras": ["Adicionar anonimização (II.2)", "Canais por QR-code"]
    },
    {
      "id": "II.2.a",
      "nome": "MVP com anonimização (landing + backend)",
      "tronco": "II",
      "descricao": "Página pública segura (link) com backend que remove PII automaticamente antes de enviar o texto para IA. Mantém resposta imediata e melhora privacidade.",
      "escopo": ["Landing pública segura", "Anonimização de PII", "Triagem e rótulo", "Dashboard leve"],
      "governanca_legenda": ["🔵"],
      "governanca_explica": "Somente texto anonimizado sai do ambiente; a SEG escolhe o que remover e por quanto tempo reter originais.",
      "comentarios": "Melhor equilíbrio: alta adesão 24/7 (neurociência) + cuidado com privacidade. Requer definir bem regras de anonimização.",
      "capex_brl": 28000,
      "opex_mensal_brl": 2800,
      "prazos_dias": { "implantacao": 16, "testes_UAT": 8, "total": 24, "sigma": 10 },
      "qualidade_objetiva": { "deduplicacao_top3_pct": "72–86%", "latencia_seg": "7–20", "cobertura_classificacao_pct": "≥90%" },
      "riscos": ["Escopo do backend", "Curadoria de anonimização"],
      "mitigacoes": ["Lista de PII testada", "Revisão jurídica do aviso"],
      "preco_cliente": { "capex_brl": 35000, "opex_mensal_brl": 3500 },
      "quando_escolher": "Precisa de adesão alta com privacidade melhor que II.1.",
      "beneficios": ["Engajamento alto", "Redução de risco de PII"],
      "limitacoes": ["Mais esforço que II.1", "Dependência das regras de anonimização"],
      "extensoes_futuras": ["Single Sign-On opcional", "Classificação multi-idioma"]
    },
    {
      "id": "II.2.b",
      "nome": "MVP anon expand.",
      "tronco": "II",
      "descricao": "Versão expandida do MVP com anonimização, incluindo funcionalidades avançadas de processamento e análise.",
      "escopo": ["Landing pública segura", "Anonimização expandida de PII", "Triagem e rótulo", "Dashboard expandido", "Relatórios avançados"],
      "governanca_legenda": ["🔵"],
      "governanca_explica": "Somente texto amplamente anonimizado sai do ambiente; a SEG escolhe o que remover e por quanto tempo reter originais.",
      "comentarios": "Versão expandida com mais recursos e funcionalidades.",
      "capex_brl": 44000,
      "opex_mensal_brl": 24515,
      "prazos_dias": { "implantacao": 20, "testes_UAT": 5, "total": 25, "sigma": 5 },
      "qualidade_objetiva": { "deduplicacao_top3_pct": "75–90%", "latencia_seg": "8–22", "cobertura_classificacao_pct": "≥92%" },
      "riscos": ["Maior complexidade", "Maior custo operacional"],
      "mitigacoes": ["Planejamento detalhado", "Testes incrementais"],
      "preco_cliente": { "capex_brl": 55000, "opex_mensal_brl": 30644 },
      "quando_escolher": "Quer funcionalidades expandidas com anonimização.",
      "beneficios": ["Mais recursos", "Melhor qualidade"],
      "limitacoes": ["Custo maior", "Complexidade superior"],
      "extensoes_futuras": ["Single Sign-On opcional", "Classificação multi-idioma"]
    },
    {
      "id": "III.1.a",
      "nome": "MVP com IA própria (ambiente dedicado)",
      "tronco": "III",
      "descricao": "Operação controlada pela SEG (nuvem/colocation). Modelo OSS com observabilidade e segurança básica sob gestão dedicada.",
      "escopo": ["Modelo OSS hospedado", "Logs/monitoramento", "Controles de acesso"],
      "governanca_legenda": ["🟢","🔵"],
      "governanca_explica": "Dados e auditoria sob políticas da SEG. Pode publicar acesso externo seguro.",
      "comentarios": "Mais controle e personalização com custo operacional superior ao uso de APIs.",
      "capex_brl": 15000,
      "opex_mensal_brl": 6000,
      "prazos_dias": { "implantacao": 18, "testes_UAT": 7, "total": 25, "sigma": 6 },
      "qualidade_objetiva": { "deduplicacao_top3_pct": "72–88%", "latencia_seg": "8–22", "cobertura_classificacao_pct": "≥90%" },
      "riscos": ["Complexidade operacional", "Custo fixo maior"],
      "mitigacoes": ["Automação de backup/alerta", "SRE leve/plantão"],
      "preco_cliente": { "capex_brl": 18750, "opex_mensal_brl": 7500 },
      "quando_escolher": "Privacidade/controle são prioridade com engajamento 24/7.",
      "beneficios": ["Guarda interna de dados", "Flexibilidade de evolução"],
      "limitacoes": ["Equipe/operador", "Custo fixo"],
      "extensoes_futuras": ["Afinamento de modelo", "Relatórios avançados e auditoria granular"]
    },
    {
      "id": "III.1.b",
      "nome": "PLIM 2.0 em DMZ",
      "tronco": "III",
      "descricao": "Implantação na zona segura da rede (DMZ) com hardening e bastion. Foco em segurança e padrões SEG.",
      "escopo": ["Deploy em DMZ", "Hardening e bastion", "Processo formal de changes"],
      "governanca_legenda": ["🟢","🟡"],
      "governanca_explica": "Dados e auditoria inteiramente dentro da SEG; pode exigir novos acessos/terminais.",
      "comentarios": "Excelente governança; acesso externo costuma ser restrito, reduzindo envios fora do expediente.",
      "capex_brl": 26000,
      "opex_mensal_brl": 7000,
      "prazos_dias": { "implantacao": 22, "testes_UAT": 10, "total": 32, "sigma": 8 },
      "qualidade_objetiva": { "deduplicacao_top3_pct": "74–89%", "latencia_seg": "9–24", "cobertura_classificacao_pct": "≥90%" },
      "riscos": ["Lead time de aprovações", "🟡 Ajustes de rede/terminais"],
      "mitigacoes": ["Cronograma de changes", "Homologação paralela"],
      "preco_cliente": { "capex_brl": 32500, "opex_mensal_brl": 8750 },
      "quando_escolher": "Segurança e conformidade acima de engajamento off-hours.",
      "beneficios": ["Guarda interna", "Padrões SEG"],
      "limitacoes": ["Acesso externo complexo", "Mais etapas de aprovação"],
      "extensoes_futuras": ["SSO corporativo", "Analytics de auditoria"]
    },
    {
      "id": "III.2.a",
      "nome": "PLIM 1.5 na SEG (integração moderada)",
      "tronco": "III",
      "descricao": "Versão interna com integrações básicas e menos recursos que o 2.0.",
      "escopo": ["Integrações essenciais", "Operação interna simplificada"],
      "governanca_legenda": ["🟢","🟡"],
      "governanca_explica": "Dados sob guarda da SEG; acesso externo pode depender de exceções.",
      "comentarios": "Custo menor que 2.0, com limites funcionais claros.",
      "capex_brl": 10000,
      "opex_mensal_brl": 4800,
      "prazos_dias": { "implantacao": 14, "testes_UAT": 6, "total": 20, "sigma": 5 },
      "qualidade_objetiva": { "deduplicacao_top3_pct": "60–78%", "latencia_seg": "9–24", "cobertura_classificacao_pct": "≥80%" },
      "riscos": ["Menos recursos", "Possível fricção de acesso externo"],
      "mitigacoes": ["Roadmap para 2.0", "Acesso remoto sob demanda"],
      "preco_cliente": { "capex_brl": 12500, "opex_mensal_brl": 6000 },
      "quando_escolher": "Porta de entrada interna com orçamento contido.",
      "beneficios": ["Controle interno", "Custo inicial mais baixo"],
      "limitacoes": ["Cobertura funcional menor"],
      "extensoes_futuras": ["Upgrade para 2.0", "Conectores adicionais"]
    },
    {
      "id": "III.2.b",
      "nome": "PLIM 2.0 na SEG (integração profunda)",
      "tronco": "III",
      "descricao": "Integrações amplas com sistemas da SEG, operação interna completa.",
      "escopo": ["Integrações amplas", "Operação interna e auditoria"],
      "governanca_legenda": ["🟢","🟡"],
      "governanca_explica": "Guarda total dos dados sob políticas da SEG; pode exigir ajustes de rede/terminais.",
      "comentarios": "Equilíbrio entre controle e recursos. Acesso remoto deve ser desenhado.",
      "capex_brl": 12000,
      "opex_mensal_brl": 5500,
      "prazos_dias": { "implantacao": 18, "testes_UAT": 7, "total": 25, "sigma": 6 },
      "qualidade_objetiva": { "deduplicacao_top3_pct": "70–86%", "latencia_seg": "8–22", "cobertura_classificacao_pct": "≥88%" },
      "riscos": ["Projeto mais longo que 1.5", "🟡 Ajustes de rede/terminais"],
      "mitigacoes": ["Gate de arquitetura", "Plano de comunicação por área"],
      "preco_cliente": { "capex_brl": 15000, "opex_mensal_brl": 6875 },
      "quando_escolher": "Quer recursos plenos com controle total.",
      "beneficios": ["Controle e auditoria", "Integração profunda"],
      "limitacoes": ["Prazos/complexidade superiores a 1.5"],
      "extensoes_futuras": ["App externo autenticado", "Gamificação e ranking por área"]
    },
    {
      "id": "III.2.c",
      "nome": "PLIM 2.0 externo (gerenciado)",
      "tronco": "III",
      "descricao": "Mesma experiência do 2.0, publicada com acesso seguro via internet. Ambiente dedicado sob contrato, com relatórios de auditoria para a SEG.",
      "escopo": ["Publicação externa segura", "Relatórios de auditoria", "Integrações por API"],
      "governanca_legenda": ["🔵"],
      "governanca_explica": "Ambiente dedicado com acordos de serviço; auditoria e relatórios de acesso disponíveis à SEG.",
      "comentarios": "Combina alto engajamento 24/7 com governança contratual clara. Definir limites do que pode sair.",
      "capex_brl": 12000,
      "opex_mensal_brl": 4200,
      "prazos_dias": { "implantacao": 14, "testes_UAT": 7, "total": 21, "sigma": 5 },
      "qualidade_objetiva": { "deduplicacao_top3_pct": "68–84%", "latencia_seg": "7–20", "cobertura_classificacao_pct": "≥88%" },
      "riscos": ["Limites de dados que podem sair", "SLA/continuidade"],
      "mitigacoes": ["DPA/NDA robustos", "Backups/exportações mensais"],
      "preco_cliente": { "capex_brl": 15000, "opex_mensal_brl": 5250 },
      "quando_escolher": "Engajamento é prioridade, com contrato claro de dados.",
      "beneficios": ["Maior adesão", "Relatórios de acesso"],
      "limitacoes": ["Dependência de infraestrutura gerenciada"],
      "extensoes_futuras": ["SSO e MFA corporativos", "Portal de ideias com campanhas temáticas"]
    }
  ]
}
